node_id,type,name,value,description,test10
0,dummy_type,mBicsTop,10,dummy_desc,100
1,dummy_type,mHwTop,10,dummy_desc,20
10,dummy_type,tkHostWrite,10,dummy_desc,30
11,dummy_type,tkDummyDriver,10,dummy_desc,30
12,dummy_type,hwReadEngine,10,dummy_desc,30
13,dummy_type,hwNandcTop,10,dummy_desc,25
2,dummy_type,mBicsBeTop,10,dummy_desc,25
3,dummy_type,tkInitialize,10,dummy_desc,45
4,dummy_type,tkBufferRead,10,dummy_desc,10
414,dummy_type,tkNandCommandSchedule,10,dummy_desc,10
415,dummy_type,tkBufferWrite,10,dummy_desc,10
416,dummy_type,tkReadIssue,10,dummy_desc,13
417,dummy_type,tkDataOut,10,dummy_desc,34
418,dummy_type,tkBankDispatchRoot,10,dummy_desc,23
419,dummy_type,tkL1EccDecode_0,10,dummy_desc,24
420,dummy_type,tkRead_0,10,dummy_desc,25
421,dummy_type,tkRead_1,10,dummy_desc,45
422,dummy_type,tkRead_2,10,dummy_desc,30
423,dummy_type,tkRead_3,10,dummy_desc,30
449,dummy_type,tkNandCommandSchedule,10,dummy_desc,20
450,dummy_type,tkBufferWrite,10,dummy_desc,20
451,dummy_type,tkReadIssue,10,dummy_desc,20
452,dummy_type,tkDataOut,10,dummy_desc,20
453,dummy_type,tkBankDispatchRoot,10,dummy_desc,20
454,dummy_type,tkL1EccDecode_0,10,dummy_desc,20
455,dummy_type,tkRead_0,10,dummy_desc,20
456,dummy_type,tkRead_1,10,dummy_desc,20
457,dummy_type,tkRead_2,10,dummy_desc,20
458,dummy_type,tkRead_3,10,dummy_desc,20
484,dummy_type,tkNandCommandSchedule,10,dummy_desc,11
485,dummy_type,tkBufferWrite,10,dummy_desc,20
486,dummy_type,tkReadIssue,10,dummy_desc,20
487,dummy_type,tkDataOut,10,dummy_desc,11
488,dummy_type,tkBankDispatchRoot,10,dummy_desc,11
489,dummy_type,tkL1EccDecode_0,10,dummy_desc,11
490,dummy_type,tkRead_0,10,dummy_desc,11
491,dummy_type,tkRead_1,10,dummy_desc,11
492,dummy_type,tkRead_2,10,dummy_desc,11
493,dummy_type,tkRead_3,10,dummy_desc,11
5,dummy_type,tkBufferFree,10,dummy_desc,11
519,dummy_type,tkNandCommandSchedule,10,dummy_desc,11
520,dummy_type,tkBufferWrite,10,dummy_desc,11
521,dummy_type,tkReadIssue,10,dummy_desc,11
522,dummy_type,tkDataOut,10,dummy_desc,11
523,dummy_type,tkBankDispatchRoot,10,dummy_desc,21
524,dummy_type,tkL1EccDecode_0,10,dummy_desc,21
525,dummy_type,tkRead_0,10,dummy_desc,14
526,dummy_type,tkRead_1,10,dummy_desc,14
527,dummy_type,tkRead_2,10,dummy_desc,14
528,dummy_type,tkRead_3,10,dummy_desc,14
6,dummy_type,tkTagReorder,10,dummy_desc,14
7,dummy_type,tkReadCommandGenerate,10,dummy_desc,15
8,dummy_type,tkCommandDispatch,10,dummy_desc,25
9,dummy_type,tkReadCommandComplete,10,dummy_desc,15
93,dummy_type,tkPipe_0,10,dummy_desc,14
95,dummy_type,mNandc_0,10,dummy_desc,14
96,dummy_type,mNandc_1,10,dummy_desc,14
97,dummy_type,mNandc_2,10,dummy_desc,13
98,dummy_type,mNandc_3,10,dummy_desc,14
1000,dummy_type,mNandc_4,10,dummy_desc,14
1001,dummy_type,mNandc_5,10,dummy_desc,14
1002,dummy_type,mNandc_6,10,dummy_desc,14
1003,dummy_type,mNandc_7,10,dummy_desc,13